{"ToolBlack3.jpg": {"center": [-0.8143608841633346, -0.3432897208843979, 1.217773614680406], "rotation": [[0.7252745137150097, 0.387290614681425, -0.5691949222675304], [-0.49880528443437916, 0.8654543595039289, -0.04671230925550823], [0.47452098791917957, 0.31779668248005377, 0.820874594946681]], "angles": [[0.20253599611549405], [-0.5799309381224007], [-0.49235086006182815]]}, "ToolBlack28.jpg": {"center": [-0.630757245243688, -0.2637074688443264, 1.2478475101068291], "rotation": [[0.9296471633226974, 0.28099832708138756, -0.2383193066109491], [-0.31251481399260006, 0.943974795200954, -0.10604752265134545], [0.1951682421943504, 0.173065092386589, 0.9653796305267627]], "angles": [[0.14342592481783262], [-0.2227536457854669], [-0.3049850367333056]]}, "ToolBlack27.jpg": {"center": [-0.8381664465924524, -0.3788138112534943, 1.2633486380284948], "rotation": [[0.8215869555469365, 0.3713164531812509, -0.4325724980532304], [-0.4429147886216982, 0.8934819585147139, -0.07427300875087353], [0.3589169325837282, 0.2526144916777477, 0.8985346705047506]], "angles": [[0.17485653810319296], [-0.42337838432175257], [-0.43554328620838795]]}, "ToolBlack34.jpg": {"center": [-0.1434745433826344, -0.09529549673707836, 1.2482892083963937], "rotation": [[0.9977666419349621, 0.06672145158329129, 0.0031585028807556118], [-0.06650578653702738, 0.9967221604609758, -0.04606425081444622], [-0.006221623495565587, 0.04575131413001573, 0.9989334856017472]], "angles": [[0.045958176802972615], [0.004695211609251214], [-0.0666867428001885]]}, "ToolBlack31.jpg": {"center": [-0.3912971857117552, -0.10523630349681357, 1.1524602294745252], "rotation": [[0.9883433266731282, 0.14393851665385063, -0.049590039767915324], [-0.14709111170345454, 0.9868373284980257, -0.06720336257004966], [0.03926415004219655, 0.07371424900498447, 0.9965061645645225]], "angles": [[0.07079318550517082], [-0.044637934689870463], [-0.14620539077778244]]}, "ToolBlack33.jpg": {"center": [-0.146999849021842, -0.09974374933727771, 1.2682828669707837], "rotation": [[0.9966894241694731, 0.033444659407219794, 0.07410564422403434], [-0.0314207128212628, 0.9991051989437565, -0.02831148617364361], [-0.07498620242769881, 0.02588930668619278, 0.9968484404586188]], "angles": [[0.027133674715934405], [0.07463746296677905], [-0.032472512255071924]]}, "ToolBlack10.jpg": {"center": [-1.150463855970511, -0.803283916819615, 1.7580770429631254], "rotation": [[0.30965536579966024, 0.4633227969158221, -0.8303285736921129], [-0.8164352404008602, 0.5771691557800125, 0.017585899117680784], [0.487387989863382, 0.6724639406498222, 0.556996585144509]], "angles": [[0.45234618978781005], [-0.9101909499821884], [-0.883971724988912]]}, "ToolBlack29.jpg": {"center": [-0.6368972523197047, -0.23084591126128504, 1.1892946480048436], "rotation": [[0.9447476156815033, 0.2501105620129195, -0.211888294706659], [-0.2774245647665715, 0.95438177236586, -0.11041305828514264], [0.1746068541844586, 0.16309549149311728, 0.9710367177024902]], "angles": [[0.13979254113828513], [-0.19754095089499737], [-0.2696276806410612]]}, "ToolBlack16.jpg": {"center": [-1.151269787974788, -1.0443526451945015, 2.033666445620686], "rotation": [[-0.0649757824443913, 0.3669353520464178, -0.9279744582230216], [-0.8725213900350921, 0.43037309864533985, 0.23126915032844084], [0.48423607014241477, 0.8247044582036523, 0.2921951145930581]], "angles": [[0.5248832436771323], [-1.249075734198339], [-1.0962780046077687]]}, "ToolBlack15.jpg": {"center": [-1.2889407664057946, -1.111865608765551, 2.029152103217674], "rotation": [[-0.053992239173057587, 0.3961012034374275, -0.9166180637236543], [-0.8697518375129871, 0.4322850890994774, 0.23803643184403417], [0.49052683846234335, 0.810082365181269, 0.32116970960920266]], "angles": [[0.498083190790141], [-1.225207945620863], [-1.1021844312916225]]}, "ToolBlack40.jpg": {"center": [0.3036124720984657, -0.09953747865732666, 1.4961508458518111], "rotation": [[0.862183269728253, -0.31445072735486823, 0.397191074253555], [0.2709050850358272, 0.9487016923844293, 0.16302004100309594], [-0.42807761481118106, -0.03295207023715222, 0.9031410281703827]], "angles": [[-0.10294089490318654], [0.43349993450729307], [0.30747768538559556]]}, "ToolBlack41.jpg": {"center": [0.48455156263860943, -0.13259936920848764, 1.6574216796778953], "rotation": [[0.7592863028242548, -0.41549494918695523, 0.5008475392208727], [0.3498405181014753, 0.9095818892196602, 0.22421507241504787], [-0.5487220810555791, 0.004973329239384814, 0.8359900380736073]], "angles": [[-0.11966986296143407], [0.5728920542578034], [0.41774704562784315]]}, "ToolBlack17.jpg": {"center": [-1.1248614369986207, -0.8781686770271363, 1.8844960335997212], "rotation": [[0.29142933717023595, 0.4554475598174699, -0.8412113062083921], [-0.8173756858950385, 0.5754063507433521, 0.028364055278360757], [0.4969566676724766, 0.6793195505655132, 0.5399620529957054]], "angles": [[0.45408445661247604], [-0.9334605540243067], [-0.8878782898024941]]}, "ToolBlack36.jpg": {"center": [0.15928204470756901, -0.008185390902276237, 1.3118632851755603], "rotation": [[0.9642482538030757, -0.13739348216107558, 0.2266017124767012], [0.12516182650970215, 0.9898332939027025, 0.06756158277069475], [-0.23358044058198574, -0.03678425398700408, 0.9716414443796358]], "angles": [[-0.05282854309746758], [0.23298248843409244], [0.13292733922668648]]}, "ToolBlack14.jpg": {"center": [-1.2694361339632316, -1.1513875789508081, 2.0795322179131204], "rotation": [[-0.1122929775461233, 0.38082358859789867, -0.9178037271449949], [-0.8721787466089502, 0.404795487558278, 0.2746722541795892], [0.47612448073740815, 0.8313326696454764, 0.28669054958728407]], "angles": [[0.5075646533689289], [-1.2709879632142829], [-1.1424913255372233]]}, "ToolBlack23.jpg": {"center": [-0.9887541316081747, -0.5271519239674172, 1.4638198292356657], "rotation": [[0.6698169125204163, 0.4098274947308654, -0.6191823061621183], [-0.5902454766117998, 0.7998131363347978, -0.10912939240004577], [0.45050591676572466, 0.43856626809288063, 0.7776271905290847]], "angles": [[0.3143790266096995], [-0.6140043943332609], [-0.5740450216209767]]}, "ToolBlack32.jpg": {"center": [-0.3316437577523484, -0.14899449430508876, 1.2289894385491182], "rotation": [[0.9906435321548299, 0.12679522574243612, -0.05048131266842484], [-0.12908922547006937, 0.9906063786690948, -0.045110690613639974], [0.04428729013317696, 0.05120520744051939, 0.9977056994242507]], "angles": [[0.04832757227401975], [-0.04755119968488421], [-0.12839286721717078]]}, "ToolBlack6.jpg": {"center": [-1.0649009599141923, -0.5520896744946482, 1.4145712990204358], "rotation": [[0.564439655585275, 0.4545689872652075, -0.6890391215449672], [-0.6517146274635162, 0.7577019181068455, -0.033997759445259707], [0.5066319369649596, 0.46824655803742, 0.7239262678845425]], "angles": [[0.30064399192654406], [-0.7157299894664461], [-0.6622225688923603]]}, "ToolBlack13.jpg": {"center": [-1.2156148564479712, -1.0796493311765292, 2.0870268034199104], "rotation": [[-0.012679343532742046, 0.39044622774243465, -0.9205384171718645], [-0.8957554073313891, 0.4046868604801761, 0.1839858559544062], [0.4443663854120333, 0.8269100847107872, 0.3446131560452139]], "angles": [[0.5522173340513825], [-1.1723373573504132], [-1.1047380176461372]]}, "ToolBlack2.jpg": {"center": [-0.7221187622938505, -0.2961155805964413, 1.1860608541935964], "rotation": [[0.7678876485045529, 0.3823181561763178, -0.5139857845622668], [-0.464490792230251, 0.884855634269805, -0.035760459089544276], [0.44113134462137477, 0.26620167910612785, 0.8570529755117918]], "angles": [[0.16466828595336938], [-0.5208517249452544], [-0.4617882854363874]]}, "ToolBlack20.jpg": {"center": [-1.2894896172210144, -0.6626916590854576, 1.4477755939820665], "rotation": [[0.44167953741529786, 0.4674458772053425, -0.7657764282819994], [-0.7267519030341926, 0.6869000330058735, 0.000126857042593557], [0.5260711526635802, 0.5564734463927795, 0.6431068696530573]],