{"ToolBlack1.jpg": {"center": [0.6164301765222001, 0.043357500090849106, -0.014788286740647649], "rotation": [[0.9862148015520157, -0.04512388009840605, 0.15919862010891644], [0.03731191346575927, 0.9979641316015028, 0.051724396085234645], [-0.1612085181162649, -0.04507135988322539, 0.9858906563128766]], "angles": [[-0.04864076058306655], [0.16100754360134065], [0.04142474696448674]]}, "ToolBlack36.jpg": {"center": [1.8371339574646035, -0.3963368845645152, 1.3142802529577853], "rotation": [[0.5062034321407531, -0.6103257650604889, 0.6093115342681862], [0.421286938574007, 0.7914816276190473, 0.44280260673176336], [-0.7525127245939851, 0.03254679162118457, 0.6577729894722831]], "angles": [[-0.2504777836573796], [0.8314488412521579], [0.6298413187135902]]}, "ToolBlack19.jpg": {"center": [-1.5963268086484337, -0.3515022440960978, -0.2961777971038714], "rotation": [[0.9177757273378597, 0.24180274668189086, -0.3149907078098589], [-0.30336108029622555, 0.9387911516810328, -0.16322753593345413], [0.25624162283081486, 0.24536219191736405, 0.9349532745044198]], "angles": [[0.2117032714235464], [-0.29597355218798216], [-0.2824666352727946]]}, "ToolBlack26.jpg": {"center": [0.19354209716658477, 0.22327744656950044, -0.2780639897563247], "rotation": [[0.9881330969240251, -0.02726952314323386, 0.15116003397352057], [0.029216372806512042, 0.999516127845562, -0.010673037835835552], [-0.15079584318994393, 0.014962729836326879, 0.9884516833879534]], "angles": [[0.01286918509460299], [0.15158220043628765], [0.02835598525887435]]}, "ToolBlack22.jpg": {"center": [-1.06676733671736, -0.3642542414277537, 0.03621449300215994], "rotation": [[0.9640959293711561, 0.17293783342283797, -0.20152306255359875], [-0.20483041098535665, 0.9672567034288655, -0.1498631789583204], [0.16900751967157204, 0.18576053252221914, 0.9679511779276498]], "angles": [[0.170686162220306], [-0.18843854263537937], [-0.19211935760526871]]}, "ToolBlack35.jpg": {"center": [1.4830384489496578, -0.34477018787480684, 1.010823081261009], "rotation": [[0.5991271955402147, -0.5464539809126014, 0.5851791608634809], [0.4017905977003129, 0.8373869755938814, 0.3706040592132763], [-0.6925394711955, 0.013080514152835612, 0.7212613818760538]], "angles": [[-0.20902101930605266], [0.7469998956688412], [0.5543776098427385]]}, "ToolBlack8.jpg": {"center": [-1.1926805992514968, -0.38465104671216216, 0.00576311963520157], "rotation": [[0.9555073618552552, 0.21821406786179084, -0.19846486345854825], [-0.2524637530977037, 0.952964851048979, -0.16769032779805426], [0.1525376504743408, 0.2103345270097302, 0.9656560733177009]], "angles": [[0.19308023887246614], [-0.1792782891734947], [-0.2404037325774264]]}, "ToolBlack38.jpg": {"center": [1.890071012143075, -0.5829061598092089, 1.6914512044297527], "rotation": [[0.32093541667469194, -0.712201505582444, 0.6243152038593499], [0.4831751264071849, 0.6900721031363422, 0.5388341949935864], [-0.8145810306809523, 0.12872260065383, 0.5655866304428279]], "angles": [[-0.2737561590940425], [0.960486638122945], [0.7979333429260489]]}, "ToolBlack33.jpg": {"center": [1.349786852084343, -0.23221149209645237, 0.8420227847607675], "rotation": [[0.682589680903715, -0.46965659214783395, 0.5599053607314792], [0.3679497374573171, 0.8828235038559865, 0.2919514544312642], [-0.6314145375495057, 0.00673398036248011, 0.7754162335672511]], "angles": [[-0.16068350247952407], [0.671156122023485], [0.4718838464557618]]}, "ToolBlack41.jpg": {"center": [1.7904333452273846, -1.025622793210957, 2.178460191831318], "rotation": [[0.09399101257881136, -0.7647014300865079, 0.6374930684941283], [0.46148846733244697, 0.6008440386404337, 0.6526981199217614], [-0.8821530955982407, 0.23284794191468106, 0.4093748305313097]], "angles": [[-0.31924011993480733], [1.1554884315784104], [0.9323540406079683]]}, "ToolBlack24.jpg": {"center": [-0.5783566570168304, -0.02195160963761725, -0.23544309251039058], "rotation": [[0.9975505968108991, 0.047391283950939896, -0.05144776970579377], [-0.05275834102684586, 0.9926909428976969, -0.10854146369464748], [0.04592781569282429, 0.11098990086653304, 0.9927597280567555]], "angles": [[0.11007772297163008], [-0.04882620182831402], [-0.050217164622711724]]}, "ToolBlack16.jpg": {"center": [-1.9848619734572874, -1.021798521385027, 0.4362286551591993], "rotation": [[0.638386961175974, 0.3979381778273099, -0.6588681919989655], [-0.5988808844404981, 0.7945201672185378, -0.10039616593672004], [0.4835325987482871, 0.45867516884011394, 0.7455288830335287]], "angles": [[0.3254569536652746], [-0.6650354938512721], [-0.5802867633888916]]}, "ToolBlack9.jpg": {"center": [-1.3942845648292215, -0.43836210401654785, -0.03266968373037715], "rotation": [[0.9085992662523095, 0.28469244551319506, -0.30561018444005006], [-0.34222412486887793, 0.9269152223125069, -0.15398317766264785], [0.23943688463454327, 0.24449618016049332, 0.939623113893774]], "angles": [[0.2070594362680294], [-0.2832195360850206], [-0.3257608935116084]]}, "ToolBlack11.jpg": {"center": [-1.622966269715157, -0.7101826769244983, 0.21136147818660814], "rotation": [[0.8239920741337452, 0.35008781131540173, -0.44550598888585136], [-0.4608857662113624, 0.8714891119323359, -0.16760381346244485], [0.3295775663914855, 0.34343158292705156, 0.8794506100854589]], "angles": [[0.2753135300264742], [-0.4175659673997082], [-0.4369012400403679]]}, "ToolBlack12.jpg": {"center": [-2.034553313947334, -1.1498412713987947, 0.6835627083128949], "rotation": [[0.7086987667061571, 0.350014959454733, -0.6125647608433523], [-0.5649834300416586, 0.8015733583124931, -0.19563710032096096], [0.42253968079641246, 0.4847367114233593, 0.7658267028192035]], "angles": [[0.388272192696687], [-0.5907080259235248], [-0.5221665279750781]]}, "ToolBlack29.jpg": {"center": [0.5686102627022854, 0.060830295632332554, 0.088183358358463], "rotation": [[0.8950836997232956, -0.24190928229461925, 0.37457318327579125], [0.22431436032452198, 0.9702945033606617, 0.0906181245683636], [-0.3853676663160232, 0.0029113378005916454, 0.9227585198037204]], "angles": [[-0.04547062032458284], [0.39398298711391877], [0.24170852702665385]]}, "ToolBlack20.jpg": {"center": [-1.1382202282120952, -0.07717456855890212, -0.4671877216632467], "rotation": [[0.9424523218216481, 0.22573710042435163, -0.24663005207190566], [-0.2627336329790588, 0.9562388164139457, -0.12875699625605339], [0.20677199809115826, 0.186145339654965, 0.9605182212379564]], "angles": [[0.16125304974719376], [-0.23217504290309074], [-0.25013277607380335]]}, "ToolBlack6.jpg": {"center": [-0.6527724921081149, -0.10974227448448207, -0.2062390173617023], "rotation": [[0.9803437907530999, 0.14951811932901593, -0.1287260032944261], [-0.16243062217470194, 0.9819980051974476, -0.09641685935650934], [0.11199261096957101, 0.1154307141992452, 0.9869819680762514]], "angles": [[0.1068275901946292], [-0.12138628281265383], [-0.15730523489011788]]}, "ToolBlack27.jpg": {"center": [0.03773446527096212, -0.010192021348251565, -0.10258821859288446], "rotation": [[0.9822289103931622, -0.06403677129853574, 0.17642465675046778], [0.06175877097491526, 0.9979218806441449, 0.018378638124760458], [-0.17723493390279838, -0.007156259729213517, 0.984142553775193]], "angles": [[-0.012843976196399697], [0.17788970177031985], [0.06327477633993919]]}, "ToolBlack4.jpg": {"center": [-0.13663889547770602, -0.04460202805216727, -0.1411156814395094], "rotation": [[0.9952628232511614, 0.08168591080119379, -0.05271930036245545], [-0.08355030614459193, 0.9959170894957223, -0.03418328821974872], [0.049711759144817534, 0.038426069626607114, 0.9980241370707318]], "angles": [[0.03637014421452188], [-0.05130788257636086], [-0.08276708702612315]]}, "ToolBlack42.jpg": {"center": [1.6928836009197172, -1.0827537937087894, 2.265696116682349], "rotation": [[0.079046418387446, -0.7683732016949021, 0.6351017923587068], [0.457082883211014, 0.5941137119796868, 0.6618943534380878], [-0.8859045668781842, 0.23797378039364536, 0.3981727994596488]],