{"ToolBlack6.jpg": {"angles": [[0.23846638464426595], [-0.714989032385316], [-0.6153771363767861]], "center": [-1.717097341927003, -0.7158290506269366, 0.39762986469202855], "rotation": [[0.5890666636985548, 0.44403553861373546, -0.6751539870037528], [-0.6015018021348378, 0.7988712202403132, 0.0005962384551247763], [0.5396258405113642, 0.405755115703749, 0.7376765811198299]]}, "ToolBlack20.jpg": {"angles": [[0.28875468845089497], [-0.8211131934973912], [-0.7170403756749385]], "center": [-2.135536224146053, -0.889603588044032, 0.45635385166409664], "rotation": [[0.46617499203203183, 0.46792710595739, -0.7508162893240106], [-0.6809409971349943, 0.7315874694422598, 0.03315317444634633], [0.5648010580945599, 0.49580641188412616, 0.6596785328550973]]}, "ToolBlack29.jpg": {"angles": [[0.09274874814080875], [-0.20204651507806426], [-0.20781274568476854]], "center": [-0.911014944683041, -0.1717339821564274, 0.0111387559383641], "rotation": [[0.9583187090340782, 0.19532224142682003, -0.2085053330715085], [-0.21391762395584582, 0.9743049917967532, -0.07049136912426826], [0.18937925460921795, 0.11215616328999282, 0.9754775717358782]]}, "ToolBlack8.jpg": {"angles": [[0.31082122762915976], [-0.7605159348497806], [-0.7201661109962502]], "center": [-1.8569707237895718, -1.0317747764693468, 0.8031972864898229], "rotation": [[0.5039231564388917, 0.4783149024271847, -0.7192192339758003], [-0.6921022131879556, 0.7217828483517221, -0.004903705293797223], [0.5167745919692627, 0.5002443142518939, 0.6947658937754894]]}, "ToolBlack25.jpg": {"angles": [[0.18485757399858155], [-0.5050233897428387], [-0.42607558399204626]], "center": [-1.6892506351455572, -0.5040624598367865, 0.13892684768904706], "rotation": [[0.7901359461399162, 0.34854772886384144, -0.5041821767193259], [-0.43829969652287176, 0.8963090130827492, -0.06725718619290147], [0.4284606897319029, 0.27412521549555807, 0.8609743338706305]]}, "ToolBlack21.jpg": {"angles": [[0.2931264846026794], [-0.8140231275542295], [-0.7081276964400898]], "center": [-1.974334486201736, -0.9124300837554452, 0.5758464089154903], "rotation": [[0.4761193177343793, 0.46216705003461495, -0.7481390332969207], [-0.6769362110657525, 0.7356615240104027, 0.023653503728513353], [0.5613089714480718, 0.49518051249316497, 0.663120274625135]]}, "ToolBlack18.jpg": {"angles": [[0.39266072490474546], [-0.945133401819775], [-0.8115283949474199]], "center": [-2.1811508109723516, -1.36658978344858, 1.0517821358990498], "rotation": [[0.3283000097585777, 0.43904824206432597, -0.8363347085543819], [-0.7603141476700735, 0.6482073141325929, 0.04182911375751981], [0.5604832740102486, 0.6221446126466378, 0.5466210575064939]]}, "ToolBlack24.jpg": {"angles": [[0.2563105379423775], [-0.6325336724084833], [-0.5161605893645996]], "center": [-1.7170957750571172, -0.6350551070461047, 0.338046807666145], "rotation": [[0.6865846880846873, 0.3792013519848465, -0.6203287843881802], [-0.5316721736070275, 0.8438300260702751, -0.07263323560339144], [0.49590943316258024, 0.3796804205580049, 0.7809715822904602]]}, "ToolBlack41.jpg": {"angles": [[-0.13935257254784594], [0.5661454509384244], [0.4968207377141157]], "center": [1.1193638661929082, -0.1668882315092776, 0.8565380151747058], "rotation": [[0.729926812499563, -0.48719519548335694, 0.4794243317690096], [0.4120844179195628, 0.8732585003588242, 0.260011584470678], [-0.5453377677202661, 0.007773869627864828, 0.8381803421990318]]}, "ToolBlack13.jpg": {"angles": [[0.4809181334823018], [-1.1649232119376098], [-1.073688260688958]], "center": [-2.0397340604364174, -1.6997197705175318, 1.576495349653239], "rotation": [[0.006785260855978537, 0.42447312676990523, -0.9054151119156871], [-0.867870781444808, 0.45227964976030866, 0.20553205377038147], [0.4967436632202717, 0.7843887321111087, 0.371456659635593]]}, "ToolBlack2.jpg": {"angles": [[0.1076666211623153], [-0.5211462158123785], [-0.4085458739523632]], "center": [-1.0713508718968714, -0.27861059073206607, 0.00011126451278168826], "rotation": [[0.7888497237328502, 0.3515624166246151, -0.5041031447865272], [-0.4055992194087356, 0.9140468780565149, 0.0027528040545751614], [0.46174168815651695, 0.20229229330896198, 0.8636390689901486]]}, "ToolBlack30.jpg": {"angles": [[0.07109715030340695], [-0.1359197556707398], [-0.17964782345986816]], "center": [-0.9327274326194812, -0.19647396670840098, 0.052203776625722786], "rotation": [[0.9747440134166178, 0.17317235779271622, -0.14101575374750197], [-0.1827910114128102, 0.9814225576484353, -0.058285585572126465], [0.12830258943274106, 0.08258993785755789, 0.9882901131295093]]}, "ToolBlack27.jpg": {"angles": [[0.12069657374569633], [-0.42447787209997645], [-0.37972198565394105]], "center": [-1.2883943801886344, -0.41784153643893684, 0.13366084304895362], "rotation": [[0.8423443229921401, 0.33373111641068115, -0.423177957202633], [-0.38353332362108045, 0.9228386220014815, -0.03565203240454021], [0.37862677030960273, 0.19233413550820147, 0.9053448785535997]]}, "ToolBlack10.jpg": {"angles": [[0.3858425346304026], [-0.907703043044061], [-0.8441549937013574]], "center": [-1.897360510208442, -1.1859383525630574, 1.0000752220851516], "rotation": [[0.3337580000170468, 0.47436995294410406, -0.8146034281590212], [-0.7780924634545505, 0.626462406620202, 0.046010557558604934], [0.5321444500695747, 0.6184803964843455, 0.5781905251945216]]}, "ToolBlack7.jpg": {"angles": [[0.26810870400902076], [-0.7455914437646077], [-0.6586764522148846]], "center": [-1.867431525695533, -0.842986787799738, 0.5433440167352361], "rotation": [[0.5473812593739364, 0.4567480526489431, -0.7012524319299018], [-0.6395765546817104, 0.7687260286593041, 0.0014572450610438122], [0.5397365909290164, 0.4477069457391666, 0.712911567551846]]}, "ToolBlack32.jpg": {"angles": [[0.00552106150814773], [-0.05202254275427429], [-0.06318896725690078]], "center": [-0.35140607666013635, -0.06150894618675218, 0.0868393089001041], "rotation": [[0.9966522827831679, 0.06297458828000568, -0.05213855055584303], [-0.0632616468999671, 0.9979894640486433, -0.0038721672749963067], [0.05178987598560468, 0.007157574929083128, 0.9986323537050711]]}, "ToolBlack16.jpg": {"angles": [[0.45121012505523583], [-1.2403369393821129], [-1.067770889645653]], "center": [-1.9219505613728383, -1.640481653071356, 1.4794226134641495], "rotation": [[-0.04697835223869538, 0.4051444011583189, -0.9130449324272077], [-0.8426495290466831, 0.474775331670524, 0.25402786389399723], [0.5364091774180791, 0.7813106927767028, 0.31909057606649666]]}, "ToolBlack1.jpg": {"angles": [[0.08395189426117906], [-0.45096532343264395], [-0.3889751984017969]], "center": [-0.9195525446755007, -0.1908860992239238, -0.08012466546842388], "rotation": [[0.8279457284822644, 0.3475797745388737, -0.44010699951202564], [-0.38431163279205793, 0.9231831849981077, 0.006113578121856433], [0.4084243376546931, 0.16407652869394632, 0.8979245253043653]]}, "ToolBlack26.jpg": {"angles": [[0.14083467260135923], [-0.44840568244639517], [-0.41959660924545694]], "center": [-1.3528180458310268, -0.2379888366245846, -0.06038315545472915], "rotation": [[0.8175913246348532, 0.3618369523859755, -0.4479045051903981], [-0.422926412314758, 0.905249711651851, -0.040696551706600304], [0.39073990792903834, 0.2227037930576621, 0.8931547149902623]]}, "ToolBlack12.jpg": {"angles": [[0.5144992818370236], [-1.1455263657185666], [-1.0335076771557017]], "center": [-1.8020114002100551, -1.6946027599251834, 1.6707224137300032], "rotation": [[0.05009022075383535, 0.39929312744338386, -0.9154539683464776], [-0.8696830103163614, 0.46811392757771236, 0.1565912270047078], [0.491062553400179, 0.7883110738688439, 0.37070637904390913]]}, "ToolBlack9.jpg": {"angles": [[0.3225997935111013], [-0.8676012028193755], [-0.8027404398362917]], "center": [-1.9747038126403855, -1.1375629174485793, 0.875387046703908],